<?xml version="1.0" encoding="UTF-8"?>
<!--
 ~ Hibernate Search, full-text search for your domain model
 ~
 ~ License: GNU Lesser General Public License (LGPL), version 2.1 or later
 ~ See the lgpl.txt file in the root directory or <http://www.gnu.org/licenses/lgpl-2.1.html>.
  -->
<module xmlns="urn:jboss:module:1.3" name="org.hibernate.search.jsr352" slot="6.0.0-SNAPSHOT">
    <resources>
        <artifact name="${org.hibernate:hibernate-search-jsr352-core}" />
        <artifact name="${org.hibernate:hibernate-search-jsr352-jberet}" />
    </resources>
    <dependencies>
        <!--
            TODO some of these dependencies might not be necessary, because WF
            has implicit module dependencies for deployments, see:
            https://docs.jboss.org/author/display/WFLY10/Implicit+module+dependencies+for+deployments
         -->
        <module name="javaee.api" />
        <module name="javax.batch.api" />
        <module name="javax.inject.api" />
        <module name="javax.persistence.api" />
        <module name="org.hibernate.orm" slot="5.3" />
        <module name="org.hibernate.search.engine" slot="6.0.0-SNAPSHOT" />
        <module name="org.hibernate.search.orm" slot="6.0.0-SNAPSHOT" />
        <module name="org.jberet.jberet-core" />
        <module name="org.jboss.logging" />
    </dependencies>
</module>
