<?xml version="1.0" encoding="UTF-8" standalone="no"?>
<feature id="org.wso2.carbon.identity.user.registration.server" label="Identity user Registration Server Feature" provider-name="%providerName" version="5.11.243.SNAPSHOT">
  <description>This feature contains the core bundles required for
        Back-end User Registration functionality</description>
  <copyright>%copyright</copyright>
  <license url="%licenseURL">%license</license>
  <plugin id="org.wso2.carbon.identity.user.registration" unpack="false" version="5.11.243.SNAPSHOT"/>
  <require>
    <import feature="org.wso2.carbon.identity.core.server" match="compatible" version="5.11.243.SNAPSHOT"/>
    <import feature="org.wso2.carbon.core" match="compatible" version="4.4.27"/>
  </require>
</feature>
