<?xml version="1.0" encoding="UTF-8" standalone="no"?>
<feature id="org.wso2.carbon.identity.application.mgt.ui" label="Identity Application Management UI Feature" provider-name="%providerName" version="5.11.243.SNAPSHOT">
  <description>WSO2 is an open source application development software company focused on providing service-oriented
        architecture solutions for professional developers.</description>
  <copyright>%copyright</copyright>
  <license url="%licenseURL">%license</license>
  <plugin id="org.wso2.carbon.identity.application.mgt.ui" unpack="false" version="5.11.243.SNAPSHOT"/>
  <plugin id="org.wso2.carbon.identity.application.mgt.stub" unpack="false" version="5.11.243.SNAPSHOT"/>
  <plugin id="org.wso2.carbon.identity.application.authentication.framework.stub" unpack="false" version="5.11.243.SNAPSHOT"/>
  <require>
    <import feature="org.wso2.carbon.core" match="compatible" version="4.4.27"/>
    <import feature="org.wso2.carbon.identity.core.ui" match="compatible" version="5.11.243.SNAPSHOT"/>
  </require>
</feature>
