<?xml version="1.0" encoding="UTF-8" standalone="no"?>
<feature id="org.wso2.carbon.user.mgt.ui" label="User Manager UI Feature" provider-name="%providerName" version="5.11.243.SNAPSHOT">
  <description>This feature contains the core bundles required for UI user management
        functionality</description>
  <copyright>%copyright</copyright>
  <license url="%licenseURL">%license</license>
  <plugin id="org.wso2.carbon.identity.user.store.configuration.stub" unpack="false" version="5.11.243.SNAPSHOT"/>
  <plugin id="org.wso2.carbon.identity.user.store.configuration" unpack="false" version="5.11.243.SNAPSHOT"/>
  <plugin id="org.wso2.carbon.identity.user.store.count.stub" unpack="false" version="5.11.243.SNAPSHOT"/>
  <plugin id="org.wso2.carbon.user.mgt.ui" unpack="false" version="5.11.243.SNAPSHOT"/>
  <plugin id="org.wso2.carbon.identity.user.store.configuration.ui" unpack="false" version="5.11.243.SNAPSHOT"/>
  <plugin id="org.wso2.carbon.user.mgt.common" unpack="false" version="5.11.243.SNAPSHOT"/>
  <plugin id="org.wso2.carbon.user.mgt.workflow.stub" unpack="false" version="5.11.243.SNAPSHOT"/>
  <plugin id="org.wso2.carbon.user.mgt.stub" unpack="false" version="5.11.243.SNAPSHOT"/>
  <plugin id="org.wso2.carbon.identity.governance.stub" unpack="false" version="5.11.243.SNAPSHOT"/>
  <require>
    <import feature="org.wso2.carbon.core.ui" match="compatible" version="4.4.27"/>
    <import feature="org.wso2.carbon.identity.core.ui" match="compatible" version="5.11.243.SNAPSHOT"/>
  </require>
</feature>
