<?xml version="1.0" encoding="UTF-8" standalone="no"?>
<feature id="org.wso2.carbon.directory.service.mgr.server" label="WSO2 Carbon - Service Principle Management" provider-name="%providerName" version="5.11.243.SNAPSHOT">
  <description>This feature contains the core bundles required to manage service principles in LDAP</description>
  <copyright>%copyright</copyright>
  <license url="%licenseURL">%license</license>
  <plugin id="org.wso2.carbon.directory.server.manager" unpack="false" version="5.11.243.SNAPSHOT"/>
  <plugin id="org.wso2.carbon.directory.server.manager.common" unpack="false" version="5.11.243.SNAPSHOT"/>
  <require>
    <import feature="org.wso2.carbon.core" match="compatible" version="4.4.27"/>
  </require>
</feature>
