<?xml version="1.0" encoding="UTF-8" standalone="no"?>
<feature id="org.wso2.carbon.identity.user.profile.ui" label="Identity User Profiles UI Feature" provider-name="%providerName" version="5.11.243.SNAPSHOT">
  <description>This feature contains the bundles required for Front-end Identity User Profiles functionality</description>
  <copyright>%copyright</copyright>
  <license url="%licenseURL">%license</license>
  <plugin id="org.wso2.carbon.identity.user.profile.ui" unpack="false" version="5.11.243.SNAPSHOT"/>
  <plugin id="org.wso2.carbon.identity.user.profile.stub" unpack="false" version="5.11.243.SNAPSHOT"/>
  <require>
    <import feature="org.wso2.carbon.core" match="compatible" version="4.4.27"/>
  </require>
</feature>
