<?xml version='1.0' encoding='UTF-8'?>

<feature-pack xmlns="urn:wildfly:feature-pack:1.1">
    <dependencies>
        <artifact name="org.hibernate:hibernate-search-jbossmodules-elasticsearch"/>
        <artifact name="org.hibernate.aws-v4-signer-java-jbossmodules:aws-v4-signer-java-jbossmodules"/>
    </dependencies>
    <artifact-versions>
        <artifact groupId="org.hibernate" artifactId="hibernate-search-elasticsearch-aws" version="6.0.0-SNAPSHOT"/>
        <artifact groupId="org.hibernate" artifactId="hibernate-search-jbossmodules-elasticsearch" version="6.0.0-SNAPSHOT" extension="zip"/>
        <artifact groupId="org.hibernate.aws-v4-signer-java-jbossmodules" artifactId="aws-v4-signer-java-jbossmodules" version="1.3.0.hibernate03" extension="zip"/>
    </artifact-versions>
</feature-pack>
