<?xml version="1.0" encoding="UTF-8"?>
<!DOCTYPE log4j:configuration SYSTEM "log4j.dtd">

<log4j:configuration xmlns:log4j="http://jakarta.apache.org/log4j/" debug="false">

  <!-- Usage: replace the log4j.xml file in the conf directory of your jboss server 
              configuration with this file
       Contents: This configuration file will log only to standard output and it will 
             put the jBPM logs to level TRACE.
  -->

   <appender name="CONSOLE" class="org.apache.log4j.ConsoleAppender">
      <errorHandler class="org.jboss.logging.util.OnlyOnceErrorHandler"/>
      <param name="Target" value="System.out"/>
      <param name="Threshold" value="TRACE"/>
      <layout class="org.apache.log4j.PatternLayout">
         <!-- The default pattern: Date Priority [Category] Message\n -->
         <param name="ConversionPattern" value="%d{ABSOLUTE} %-5p [%c{1}] %m%n"/>
      </layout>
   </appender>

   <!--
   <category name="org.jbpm"><priority value="INFO"/></category>
   -->
   
   <category name="org.apache"><priority value="INFO"/></category>
   <category name="org.apache.myfaces"><priority value="TRACE"/></category>
   <category name="org.jboss"><priority value="INFO"/></category>
   <category name="org.hibernate"><priority value="INFO"/></category>
   <category name="net.sf"><priority value="INFO"/></category>

   <root>
      <appender-ref ref="CONSOLE"/>
   </root>

</log4j:configuration>
