<?xml version="1.0" encoding="UTF-8" standalone="no"?>
<feature id="org.wso2.carbon.security.mgt" label="Key Store Management Feature" provider-name="%providerName" version="5.11.243.SNAPSHOT">
  <description>This feature contains the bundles required for Security Management functionality</description>
  <copyright>%copyright</copyright>
  <license url="%licenseURL">%license</license>
  <require>
    <import feature="org.wso2.carbon.core" match="compatible" version="4.4.27"/>
  </require>
  <includes id="org.wso2.carbon.security.mgt.server" optional="false" version="5.11.243.SNAPSHOT"/>
  <includes id="org.wso2.carbon.security.mgt.ui" optional="false" version="5.11.243.SNAPSHOT"/>
</feature>
