<Policy xmlns="urn:oasis:names:tc:xacml:3.0:core:schema:wd-17"
        PolicyId="sample-xpath-policy-2"
        RuleCombiningAlgId="urn:oasis:names:tc:xacml:1.0:rule-combining-algorithm:first-applicable"
        Version="1.0">
    <Description>Sample XPath policy. XPath evaluation is done with respect to content element
        and check for a matching value. Here content element has been bounded with custom namespace and prefix. Also
	context selector is used to retrieve the context of content element that xpath evaluation must be done.
	You can use sample requests from request_0009_01.xml to request_0009_03.xml  evaluate this policy using Try-it tool in management console.
        Requests can be found here [1] https://svn.wso2.org/repos/wso2/trunk/commons/balana/modules/balana-core/src/test/resources/basic/3/requests
    </Description>
    <PolicyDefaults>
        <XPathVersion>http://www.w3.org/TR/1999/REC-xpath-19991116</XPathVersion>
    </PolicyDefaults>
    <Target>
        <AnyOf>
            <AllOf>
                <Match MatchId="urn:oasis:names:tc:xacml:1.0:function:string-regexp-match">
                    <AttributeValue DataType="http://www.w3.org/2001/XMLSchema#string">read</AttributeValue>
                    <AttributeDesignator MustBePresent="false"
                                         Category="urn:oasis:names:tc:xacml:3.0:attribute-category:action"
                                         AttributeId="urn:oasis:names:tc:xacml:1.0:action:action-id"
                                         DataType="http://www.w3.org/2001/XMLSchema#string"/>
                </Match>
            </AllOf>
        </AnyOf>
    </Target>
    <Rule RuleId="rule1" Effect="Permit">
    <Description>Rule to match value in content element using XPath</Description>
        <Condition>
            <Apply FunctionId="urn:oasis:names:tc:xacml:1.0:function:string-equal">
                <AttributeValue DataType="http://www.w3.org/2001/XMLSchema#string">bob@gmail.com</AttributeValue>
                <Apply FunctionId="urn:oasis:names:tc:xacml:1.0:function:string-one-and-only">
                    <AttributeSelector MustBePresent="false"
                            ContextSelectorId="urn:oasis:names:tc:xacml:3.0:content-selector"
                            Category="urn:oasis:names:tc:xacml:3.0:attribute-category:resource"
                            Path="//ak:email/text()"
                            DataType="http://www.w3.org/2001/XMLSchema#string"/>
                </Apply>
            </Apply>
        </Condition>
    </Rule>
    <Rule RuleId="rule2" Effect="Deny">
        <Description>Deny rule</Description>
    </Rule>
</Policy>
