<?xml version="1.0" encoding="UTF-8" standalone="no"?>
<feature id="org.wso2.carbon.user.mgt.server" label="User Manager Server Feature" provider-name="%providerName" version="5.11.243.SNAPSHOT">
  <description>This feature contains the core bundles required for Back-end user management
        functionality</description>
  <copyright>%copyright</copyright>
  <license url="%licenseURL">%license</license>
  <plugin id="org.wso2.carbon.identity.user.store.configuration" unpack="false" version="5.11.243.SNAPSHOT"/>
  <plugin id="org.wso2.carbon.user.mgt" unpack="false" version="5.11.243.SNAPSHOT"/>
  <plugin id="org.wso2.carbon.user.mgt.common" unpack="false" version="5.11.243.SNAPSHOT"/>
  <plugin id="org.wso2.carbon.identity.user.store.count" unpack="false" version="5.11.243.SNAPSHOT"/>
  <plugin id="org.wso2.carbon.identity.user.store.configuration.deployer" unpack="false" version="5.11.243.SNAPSHOT"/>
  <require>
    <import feature="org.wso2.carbon.core.server" match="compatible" version="4.4.27"/>
  </require>
</feature>
