<?xml version='1.0' encoding='UTF-8'?>

<feature-pack xmlns="urn:wildfly:feature-pack:1.1">
    <dependencies>
        <artifact name="org.hibernate:hibernate-search-jbossmodules-engine"/>
        <artifact name="org.hibernate:hibernate-orm-jbossmodules"/>
    </dependencies>
    <artifact-versions>
        <artifact groupId="org.hibernate" artifactId="hibernate-orm-jbossmodules" version="5.3.1.Final" extension="zip"/>
        <artifact groupId="org.hibernate" artifactId="hibernate-search-jbossmodules-engine" version="6.0.0-SNAPSHOT" extension="zip"/>
        <artifact groupId="org.hibernate" artifactId="hibernate-search-jsr352-core" version="6.0.0-SNAPSHOT"/>
        <artifact groupId="org.hibernate" artifactId="hibernate-search-jsr352-jberet" version="6.0.0-SNAPSHOT"/>
        <artifact groupId="org.hibernate" artifactId="hibernate-search-orm" version="6.0.0-SNAPSHOT"/>
        <artifact groupId="org.wildfly" artifactId="wildfly-feature-pack" version="12.0.0.Final" extension="zip"/>
    </artifact-versions>
</feature-pack>
