{
  "category": "User Attribute Based",
  "name": "Role Based",
  "img": "./images/user.gif",
  "code": [
    "function onInitialRequest(context) {",
    "   executeStep(1, {",
    "       onSuccess: function (context) {",
    "           // Extracting authenticated subject from the first step",
    "           var user = context.steps[1].subject;",
    "           // Checking if the user is assigned for the given role",
    "           var isAdmin = hasRole(user, 'admin');",
    "           Log.info(user.username + ' Has Admin Role: ' + isAdmin);",
    "           if (isAdmin) {",
    "               executeStep(2);",
    "               executeStep(3);",
    "           }",
    "       }",
    "   });",
    "}"
  ],
  "help": "Define conditional authentication based on user role.",
  "helpLink": "https://docs.wso2.com/display/IS560/WSO2+Identity+Server+Documentation"
}
