<?xml version="1.0" encoding="UTF-8" standalone="no"?>
<feature id="org.wso2.carbon.identity.adaptive.authentication.server" label="Identity Adaptive Authentication Server Feature" provider-name="%providerName" version="5.11.243.SNAPSHOT">
  <description>WSO2 is an open source application development software company focused on providing service-oriented
        architecture solutions for professional developers.</description>
  <copyright>%copyright</copyright>
  <license url="%licenseURL">%license</license>
  <plugin id="org.antlr.antlr4-runtime-osgi" unpack="false" version="4.5"/>
  <plugin id="org.wso2.carbon.identity.adaptive.auth" unpack="false" version="5.11.243.SNAPSHOT"/>
  <plugin id="quartz" unpack="false" version="2.1.1.wso2v1"/>
  <plugin id="disruptor" unpack="false" version="3.3.2.wso2v2"/>
  <plugin id="siddhi-query-compiler" unpack="false" version="4.1.17"/>
  <plugin id="siddhi-query-api" unpack="false" version="4.1.17"/>
  <plugin id="siddhi-annotations" unpack="false" version="4.1.17"/>
  <plugin id="org.yaml.snakeyaml" unpack="false" version="1.11.0"/>
  <plugin id="siddhi-core" unpack="false" version="4.1.17"/>
  <require>
    <import feature="org.wso2.carbon.identity.core.server" match="compatible" version="5.11.243.SNAPSHOT"/>
    <import feature="org.wso2.carbon.core" match="compatible" version="4.4.27"/>
  </require>
</feature>
