<?xml version='1.0' encoding='UTF-8'?>

<feature-pack xmlns="urn:wildfly:feature-pack:1.1">
    <dependencies>
        <artifact name="org.hibernate:hibernate-search-jbossmodules-engine"/>
        <artifact name="org.hibernate.elasticsearch-client-jbossmodules:elasticsearch-client-jbossmodules"/>
        <artifact name="org.hibernate.gson-jbossmodules:gson-jbossmodules"/>
    </dependencies>
    <artifact-versions>
        <artifact groupId="org.hibernate" artifactId="hibernate-search-elasticsearch" version="6.0.0-SNAPSHOT"/>
        <artifact groupId="org.hibernate" artifactId="hibernate-search-jbossmodules-engine" version="6.0.0-SNAPSHOT" extension="zip"/>
        <artifact groupId="org.hibernate.elasticsearch-client-jbossmodules" artifactId="elasticsearch-client-jbossmodules" version="5.6.8.hibernate01" extension="zip"/>
        <artifact groupId="org.hibernate.gson-jbossmodules" artifactId="gson-jbossmodules" version="2.8.2.hibernate03" extension="zip"/>
    </artifact-versions>
</feature-pack>
