<?xml version="1.0" encoding="UTF-8" standalone="no"?>
<feature id="org.wso2.carbon.identity.notification.mgt.category" label="WSO2 Carbon Identity - Notification Management Feature Category" provider-name="%providerName" version="5.11.243.SNAPSHOT">
  <description>This feature contains notification management related features.</description>
  <copyright>%copyright</copyright>
  <license url="%licenseURL">%license</license>
  <require>
    <import feature="org.wso2.carbon.identity.notification.mgt" match="compatible" version="5.11.243.SNAPSHOT"/>
  </require>
</feature>
