<?xml version="1.0" encoding="UTF-8" standalone="no"?>
<feature id="org.wso2.carbon.identity.user.profile" label="User Profiles Feature" provider-name="%providerName" version="5.11.243.SNAPSHOT">
  <description>This feature contains the bundles required for Identity User Profiles functionality</description>
  <copyright>%copyright</copyright>
  <license url="%licenseURL">%license</license>
  <includes id="org.wso2.carbon.identity.user.profile.server" optional="false" version="5.11.243.SNAPSHOT"/>
  <includes id="org.wso2.carbon.identity.user.profile.ui" optional="false" version="5.11.243.SNAPSHOT"/>
</feature>
