<?xml version="1.0" encoding="UTF-8" standalone="no"?>
<feature id="org.wso2.carbon.idp.mgt.ui" label="Identity Provider Management UI Feature" provider-name="%providerName" version="5.11.243.SNAPSHOT">
  <description>This feature contains the core bundles required for Front-end identity provider management
        functionality</description>
  <copyright>%copyright</copyright>
  <license url="%licenseURL">%license</license>
  <plugin id="org.wso2.carbon.idp.mgt.ui" unpack="false" version="5.11.243.SNAPSHOT"/>
  <plugin id="org.wso2.carbon.idp.mgt.stub" unpack="false" version="5.11.243.SNAPSHOT"/>
  <plugin id="org.wso2.carbon.identity.governance.stub" unpack="false" version="5.11.243.SNAPSHOT"/>
  <require>
    <import feature="org.wso2.carbon.identity.core" match="compatible" version="5.11.243.SNAPSHOT"/>
    <import feature="org.wso2.carbon.core" match="compatible" version="4.4.27"/>
  </require>
</feature>
