<?xml version="1.0" encoding="UTF-8" standalone="no"?>
<feature id="org.wso2.carbon.identity.user.mgt.category" label="WSO2 Carbon Identity - User Management Feature Category" provider-name="%providerName" version="5.11.243.SNAPSHOT">
  <description>This feature contains user management related features.</description>
  <copyright>%copyright</copyright>
  <license url="%licenseURL">%license</license>
  <require>
    <import feature="org.wso2.carbon.claim.mgt" match="compatible" version="5.11.243.SNAPSHOT"/>
    <import feature="org.wso2.carbon.user.mgt" match="compatible" version="5.11.243.SNAPSHOT"/>
    <import feature="org.wso2.carbon.identity.user.profile" match="compatible" version="5.11.243.SNAPSHOT"/>
  </require>
</feature>
