<Policy xmlns="urn:oasis:names:tc:xacml:3.0:core:schema:wd-17"  PolicyId="sample-provisioning-policy" RuleCombiningAlgId="urn:oasis:names:tc:xacml:1.0:rule-combining-algorithm:first-applicable" Version="1.0">
    <Description>Template policy for Rule based provisioning. Allows only provisioning action to eveluate the policy    if the request os POST (Add user) it will check whether</Description>
    <Target>
        <AnyOf>
            <AllOf>
                <Match MatchId="urn:oasis:names:tc:xacml:1.0:function:string-equal">
                    <AttributeValue DataType="http://www.w3.org/2001/XMLSchema#string">provisioning</AttributeValue>
                    <AttributeDesignator AttributeId="http://wso2.org/identity/identity-action/action-name" Category="http://wso2.org/identity/identity-action" DataType="http://www.w3.org/2001/XMLSchema#string" MustBePresent="true"></AttributeDesignator>
                </Match>
            </AllOf>
        </AnyOf>
    </Target>
    <Rule Effect="Permit" RuleId="add-user-check">
        <Target>
            <AnyOf>
                <AllOf>
                    <Match MatchId="urn:oasis:names:tc:xacml:1.0:function:string-equal">
                        <AttributeValue DataType="http://www.w3.org/2001/XMLSchema#string">POST</AttributeValue>
                        <AttributeDesignator AttributeId="http://wso2.org/identity/provisioning/provision-operation" Category="http://wso2.org/identity/provisioning" DataType="http://www.w3.org/2001/XMLSchema#string" MustBePresent="true"></AttributeDesignator>
                    </Match>
                </AllOf>
            </AnyOf>
        </Target>
        <Condition>
            <Apply FunctionId="urn:oasis:names:tc:xacml:1.0:function:and">
                <Apply FunctionId="urn:oasis:names:tc:xacml:1.0:function:string-equal">
                    <Apply FunctionId="urn:oasis:names:tc:xacml:1.0:function:string-one-and-only">
                        <AttributeDesignator AttributeId="http://wso2.org/identity/auth/sp-tenant-domain" Category="http://wso2.org/identity/sp" DataType="http://www.w3.org/2001/XMLSchema#string" MustBePresent="true"></AttributeDesignator>
                    </Apply>
                    <AttributeValue DataType="http://www.w3.org/2001/XMLSchema#string">carbon.super</AttributeValue>
                </Apply>
                <Apply FunctionId="urn:oasis:names:tc:xacml:1.0:function:string-at-least-one-member-of">
                    <Apply FunctionId="urn:oasis:names:tc:xacml:1.0:function:string-bag">
                        <AttributeValue DataType="http://www.w3.org/2001/XMLSchema#string">admin</AttributeValue>
                    </Apply>
                    <AttributeDesignator AttributeId="http://wso2.org/identity/provisioning/claim-group" Category="http://wso2.org/identity/provisioning" DataType="http://www.w3.org/2001/XMLSchema#string" MustBePresent="true"></AttributeDesignator>
                </Apply>
            </Apply>
        </Condition>
    </Rule>
    <Rule Effect="Permit" RuleId="update-user-check">
        <Target>
            <AnyOf>
                <AllOf>
                    <Match MatchId="urn:oasis:names:tc:xacml:1.0:function:string-equal">
                        <AttributeValue DataType="http://www.w3.org/2001/XMLSchema#string">PUT</AttributeValue>
                        <AttributeDesignator AttributeId="http://wso2.org/identity/provisioning/provision-operation" Category="http://wso2.org/identity/provisioning" DataType="http://www.w3.org/2001/XMLSchema#string" MustBePresent="true"></AttributeDesignator>
                    </Match>
                </AllOf>
            </AnyOf>
        </Target>
        <Condition>
            <Apply FunctionId="urn:oasis:names:tc:xacml:1.0:function:and">
                <Apply FunctionId="urn:oasis:names:tc:xacml:1.0:function:string-equal">
                    <Apply FunctionId="urn:oasis:names:tc:xacml:1.0:function:string-one-and-only">
                        <AttributeDesignator AttributeId="http://wso2.org/identity/auth/sp-tenant-domain" Category="http://wso2.org/identity/sp" DataType="http://www.w3.org/2001/XMLSchema#string" MustBePresent="true"></AttributeDesignator>
                    </Apply>
                    <AttributeValue DataType="http://www.w3.org/2001/XMLSchema#string">carbon.super</AttributeValue>
                </Apply>
                <Apply FunctionId="urn:oasis:names:tc:xacml:1.0:function:string-equal">
                    <Apply FunctionId="urn:oasis:names:tc:xacml:1.0:function:string-one-and-only">
                        <AttributeDesignator AttributeId="http://wso2.org/identity/idp/connector-type" Category="http://wso2.org/identity/idp" DataType="http://www.w3.org/2001/XMLSchema#string" MustBePresent="true"></AttributeDesignator>
                    </Apply>
                    <AttributeValue DataType="http://www.w3.org/2001/XMLSchema#string">scim</AttributeValue>
                </Apply>
            </Apply>
        </Condition>
    </Rule>
    <Rule Effect="Deny" RuleId="deny-rule"></Rule>
</Policy>