<?xml version="1.0" encoding="UTF-8" standalone="no"?>
<feature id="org.wso2.carbon.identity.thrift.authentication" label="Identity Thrift Authentication Feature" provider-name="%providerName" version="5.11.243.SNAPSHOT">
  <description>This feature contains the core bundles required for Thirft Authentication Functionality</description>
  <copyright>%copyright</copyright>
  <license url="%licenseURL">%license</license>
  <plugin id="libthrift" unpack="false" version="0.8.0.wso2v1"/>
  <plugin id="org.wso2.carbon.identity.authenticator.thrift" unpack="false" version="5.11.243.SNAPSHOT"/>
  <require>
    <import feature="org.wso2.carbon.identity.core" match="compatible" version="5.11.243.SNAPSHOT"/>
    <import feature="org.wso2.carbon.core" match="compatible" version="4.4.27"/>
  </require>
</feature>
