<?xml version="1.0" encoding="UTF-8" standalone="no"?>
<feature id="org.wso2.carbon.claim.mgt.server" label="Claim Management Core Feature" provider-name="%providerName" version="5.11.243.SNAPSHOT">
  <description>This feature contains the core bundles required for Back-end Claim Management functionality</description>
  <copyright>%copyright</copyright>
  <license url="%licenseURL">%license</license>
  <plugin id="org.wso2.carbon.claim.mgt" unpack="false" version="5.11.243.SNAPSHOT"/>
  <plugin id="org.wso2.carbon.identity.claim.metadata.mgt" unpack="false" version="5.11.243.SNAPSHOT"/>
  <require>
    <import feature="org.wso2.carbon.core" match="compatible" version="4.4.27"/>
  </require>
</feature>
