<?xml version="1.0" encoding="UTF-8" standalone="no"?>
<feature id="org.wso2.carbon.identity.outbound.authentication.category" label="WSO2 Carbon Identity - Outbound Authentication Feature Category" provider-name="%providerName" version="5.11.243.SNAPSHOT">
  <description>This feature contains outbound authentication related features.</description>
  <copyright>%copyright</copyright>
  <license url="%licenseURL">%license</license>
  <require>
    <import feature="org.wso2.carbon.idp.mgt" match="compatible" version="5.11.243.SNAPSHOT"/>
    <import feature="org.wso2.carbon.identity.application.authentication.framework.server" match="compatible" version="5.11.243.SNAPSHOT"/>
  </require>
</feature>
